sales_id,date,product_id,customer_id,store_id,sales_amount,quantity_sold,discount
3001,2023-12-17,2698,2215,2307,76.24,10,0.3
3002,2023-12-2,3098,2500,2590,480.15,1,0.3
3003,2023-12-19,2876,2639,3203,399.65,6,0.15
3004,2023-12-2,2296,3088,3297,66.07,4,0.15
3005,2023-12-4,2286,2780,3185,247.81,7,0.17
3006,2023-12-2,2509,2554,2437,438.68,3,0.24
3007,2023-12-23,2169,2880,2412,433.43,5,0.02
3008,2023-12-31,2102,2413,3002,174.42,5,0.12
3009,2023-12-18,2547,3067,2549,208.86,1,0.07
3010,2023-12-31,2983,2814,2954,239.12,3,0.25
3011,2023-12-1,2920,3165,2643,92.91,5,0.2
3012,2023-12-15,2635,2720,2617,67.63,4,0.04
3013,2023-12-26,2475,2255,2478,408.02,9,0.19
3014,2023-12-11,2506,2498,3025,394.69,6,0.21
3015,2023-12-31,2288,2960,2508,481.21,3,0.07
3016,2023-12-1,2238,2735,2484,34.87,8,0.06
3017,2023-12-12,2146,2264,2919,249.3,1,0.13
3018,2023-12-26,2186,2398,2879,457.84,8,0.09
3019,2023-12-26,2476,3142,2789,54.55,7,0.27
3020,2023-12-15,2855,3036,2873,65.6,1,0.3
3021,2023-12-25,2771,2760,2554,274.5,9,0.09
3022,2023-12-13,2854,3120,2837,213.97,3,0.28
3023,2023-12-31,2313,2616,2526,224.73,3,0.17
3024,2023-12-19,2298,2751,2314,235.47,1,0.27
3025,2023-12-13,3065,3100,2906,13.78,8,0.25
3026,2023-12-5,2948,3181,2917,307.95,2,0.07
3027,2023-12-12,2976,3109,3296,71.67,10,0.09
3028,2023-12-7,2383,2305,2608,194.06,10,0.27
3029,2023-12-2,2416,2989,2879,420.1,6,0.3
3030,2023-12-2,2210,3028,3044,411.68,8,0.09
3031,2023-12-24,2269,2217,3213,83.77,10,0.21
3032,2023-12-12,2323,2987,2584,381.02,2,0.13
3033,2023-12-12,2154,3139,2742,246.5,3,0.01
3034,2023-12-4,2560,3164,3080,287.67,3,0.1
3035,2023-12-16,2496,2474,2654,471.8,1,0.06
3036,2023-12-12,2917,2361,2918,316.57,8,0.28
3037,2023-12-1,2438,2605,3013,211.95,1,0.21
3038,2023-12-2,2314,2233,2301,75.2,1,0.11
3039,2023-12-1,3010,2771,2613,60.14,5,0.19
3040,2023-12-1,2368,2729,3232,311.39,1,0.11
3041,2023-12-10,2339,3155,2696,402.17,7,0.26
3042,2023-12-24,2115,2216,3064,434.95,9,0.08
3043,2023-12-5,2973,2933,2576,82.77,2,0.11
3044,2023-12-30,2911,2552,2839,328.64,10,0.09
3045,2023-12-21,2950,2872,2711,426.02,10,0.06
3046,2023-12-29,3067,2916,3011,291.39,7,0.2
3047,2023-12-5,2704,2922,2464,287.87,4,0.27
3048,2023-12-5,2770,3091,2988,150.01,5,0.15
3049,2023-12-29,2773,2349,2940,118.23,3,0.1
3050,2023-12-24,3023,2776,3154,313.22,5,0.1
3051,2023-12-25,2207,2996,2510,327.82,3,0.18
3052,2023-12-10,2825,2960,2395,325.84,5,0.26
3053,2023-12-3,2711,2412,2928,461.2,3,0.14
3054,2023-12-6,2777,2540,2815,19.18,8,0.02
3055,2023-12-26,2997,3008,3221,142.46,2,0.1
3056,2023-12-6,3089,3166,3271,214.59,1,0.22
3057,2023-12-26,2909,2614,2569,177.68,2,0.02
3058,2023-12-22,2413,2786,2691,434.22,5,0.23
3059,2023-12-1,2602,2325,2734,345.66,2,0.11
3060,2023-12-2,2358,2761,3011,360.85,6,0.17
3061,2023-12-28,2891,2419,2941,14.35,10,0.21
3062,2023-12-22,2431,2702,2787,211.29,10,0.15
3063,2023-12-19,2271,3164,2501,343.51,7,0.18
3064,2023-12-9,2686,3126,2609,439.27,4,0.26
3065,2023-12-6,2475,3073,2470,88.25,4,0.14
3066,2023-12-12,2190,2849,2546,254.42,7,0.25
3067,2023-12-24,2938,2974,2703,401.36,4,0.1
3068,2023-12-20,2876,2347,3092,86.88,8,0.02
3069,2023-12-29,3091,2263,3193,211.99,3,0.11
3070,2023-12-15,2994,3092,3101,65.33,6,0.1
3071,2023-12-27,2759,2777,2559,289.77,10,0.01
3072,2023-12-6,2719,2638,3065,311.31,10,0.18
3073,2023-12-19,2625,2377,2733,243.02,5,0.27
3074,2023-12-2,2500,2715,3162,19.7,3,0.09
3075,2023-12-21,2240,2760,2426,57.99,8,0.15
3076,2023-12-18,2417,2705,3259,337.47,6,0.08
3077,2023-12-17,2969,2410,3252,383.59,7,0.24
3078,2023-12-13,2109,2378,3150,369.89,6,0.11
3079,2023-12-9,2772,2433,2934,309.65,5,0.08
3080,2023-12-29,2839,3062,2365,114.63,4,0.17
3081,2023-12-20,2842,2604,3296,152.39,8,0.2
3082,2023-12-12,2463,2619,2556,335.02,2,0.0
3083,2023-12-31,2635,2673,2551,152.16,2,0.09
3084,2023-12-22,2178,2449,2683,435.51,1,0.06
3085,2023-12-15,2780,2209,2348,352.86,1,0.04
3086,2023-12-23,2496,2407,2735,297.14,10,0.12
3087,2023-12-28,2533,2280,2385,482.35,9,0.26
3088,2023-12-28,2488,3054,2536,362.47,3,0.06
3089,2023-12-2,2834,2542,3143,22.14,7,0.22
3090,2023-12-18,2659,2711,3223,410.02,6,0.04
3091,2023-12-5,2610,2251,2866,254.02,10,0.14
3092,2023-12-5,2713,2277,2586,29.35,4,0.24
3093,2023-12-7,2910,2272,2772,170.59,8,0.24
3094,2023-12-6,2498,2834,2847,462.5,6,0.08
3095,2023-12-15,2272,2662,2619,61.01,5,0.3
3096,2023-12-25,2374,2522,3042,84.03,9,0.24
3097,2023-12-14,2226,3045,3173,80.23,9,0.1
3098,2023-12-2,2842,2715,2304,80.33,9,0.25
3099,2023-12-24,2265,3145,2930,203.06,2,0.01
3100,2023-12-4,2972,3188,2364,206.46,3,0.22
3101,2023-12-6,2650,2834,3070,257.8,2,0.25
3102,2023-12-1,2817,2635,2309,419.53,9,0.25
3103,2023-12-15,2659,2818,2383,302.89,9,0.29
3104,2023-12-1,2137,2354,2950,295.7,4,0.17
3105,2023-12-19,3053,2760,3128,327.48,10,0.26
3106,2023-12-14,2954,2965,2344,260.13,5,0.24
3107,2023-12-29,2759,3038,2942,134.64,4,0.04
3108,2023-12-17,2836,2464,2370,147.65,10,0.05
3109,2023-12-19,2877,2889,2855,482.67,2,0.13
3110,2023-12-6,2649,2906,2951,265.32,3,0.05
3111,2023-12-14,2304,2268,2349,42.8,5,0.27
3112,2023-12-16,2109,2548,3212,81.13,9,0.2
3113,2023-12-22,2617,2583,2547,145.0,9,0.06
3114,2023-12-30,3062,2292,2982,329.44,4,0.17
3115,2023-12-11,2209,2507,2532,46.93,9,0.21
3116,2023-12-1,2933,2435,2849,240.67,6,0.17
3117,2023-12-5,2598,3112,2316,76.04,4,0.04
3118,2023-12-26,2304,2389,3186,10.46,1,0.21
3119,2023-12-13,2795,2305,3192,365.88,9,0.03
3120,2023-12-20,2125,2525,2597,460.76,5,0.12
3121,2023-12-14,2203,3037,2881,164.06,7,0.13
3122,2023-12-10,2889,2973,3105,88.59,7,0.04
3123,2023-12-12,2358,2918,2315,22.58,10,0.19
3124,2023-12-30,2907,2372,2321,85.32,5,0.26
3125,2023-12-28,2608,2650,2914,214.11,10,0.22
3126,2023-12-28,2593,2956,2723,423.18,5,0.07
3127,2023-12-25,2246,2247,2404,41.52,8,0.15
3128,2023-12-1,2561,3078,2740,411.89,2,0.29
3129,2023-12-15,2542,2542,2401,437.86,7,0.07
3130,2023-12-16,3061,3126,2821,165.28,2,0.06
3131,2023-12-26,2718,3138,3080,185.28,3,0.13
3132,2023-12-25,2347,2328,3144,84.97,8,0.08
3133,2023-12-21,2735,3023,2445,269.51,8,0.21
3134,2023-12-9,2548,2323,2900,58.52,4,0.11
3135,2023-12-19,2379,2757,3199,275.92,7,0.19
3136,2023-12-5,2666,3092,2866,390.84,8,0.2
3137,2023-12-18,2663,3009,2787,463.86,9,0.17
3138,2023-12-30,2197,3018,2816,139.65,9,0.0
3139,2023-12-9,2574,2911,2643,248.05,7,0.09
3140,2023-12-16,2700,2249,2686,166.6,1,0.18
3141,2023-12-5,2871,2686,2446,65.59,10,0.24
3142,2023-12-1,2271,2803,3190,75.46,1,0.09
3143,2023-12-16,2924,3098,3072,282.77,1,0.15
3144,2023-12-5,2892,3166,2843,492.39,4,0.02
3145,2023-12-10,2844,2304,2354,242.23,7,0.21
3146,2023-12-26,2727,2895,2671,270.55,9,0.19
3147,2023-12-20,2341,2926,2704,421.66,8,0.07
3148,2023-12-30,2965,2842,2505,374.9,2,0.28
3149,2023-12-27,2683,2745,2680,320.47,1,0.07
3150,2023-12-20,2454,3106,3064,429.53,9,0.27
3151,2023-12-9,2606,2229,2382,284.93,10,0.05
3152,2023-12-16,2618,2955,3147,319.94,8,0.06
3153,2023-12-18,3079,2660,2422,430.71,10,0.06
3154,2023-12-21,2847,2909,3095,283.68,6,0.28
3155,2023-12-20,2150,2960,2939,31.83,7,0.23
3156,2023-12-7,2255,2201,2840,369.78,7,0.07
3157,2023-12-27,2418,2468,2575,29.16,10,0.28
3158,2023-12-3,2414,2695,3185,455.49,5,0.23
3159,2023-12-7,2692,3024,2696,150.55,9,0.1
3160,2023-12-19,2762,2541,2634,366.68,9,0.06
3161,2023-12-21,2220,3066,3216,45.37,5,0.06
3162,2023-12-5,2942,2667,2378,61.38,6,0.14
3163,2023-12-17,2960,3108,2704,57.67,5,0.11
3164,2023-12-31,3011,2659,2724,205.7,2,0.24
3165,2023-12-23,2896,2792,3062,375.29,5,0.04
3166,2023-12-30,2207,2510,2905,397.67,4,0.29
3167,2023-12-9,3027,2465,2522,301.62,4,0.04
3168,2023-12-6,2207,2499,2801,481.09,6,0.24
3169,2023-12-4,2461,2407,3016,296.08,1,0.21
3170,2023-12-18,2555,3159,2940,109.3,5,0.16
3171,2023-12-28,2664,2710,2372,190.51,3,0.07
3172,2023-12-3,2507,2952,2523,429.43,10,0.16
3173,2023-12-27,2135,2907,3037,187.96,5,0.16
3174,2023-12-3,2289,2322,3256,43.49,6,0.1
3175,2023-12-9,2382,2351,3159,287.29,1,0.18
3176,2023-12-12,2868,2444,2438,87.52,3,0.24
3177,2023-12-1,3072,2251,2619,271.06,8,0.15
3178,2023-12-9,3094,3087,2993,328.51,7,0.03
3179,2023-12-5,2321,2812,3030,475.69,6,0.12
3180,2023-12-8,2789,2882,3055,97.15,10,0.09
3181,2023-12-29,2824,3004,2908,457.4,10,0.04
3182,2023-12-31,2337,3052,2348,265.48,1,0.13
3183,2023-12-30,2452,2844,2956,233.32,3,0.09
3184,2023-12-22,2194,2826,3135,166.17,5,0.18
3185,2023-12-12,2999,2756,2350,460.75,10,0.09
3186,2023-12-13,2500,2868,2844,105.39,2,0.23
3187,2023-12-6,2320,2732,2751,173.75,9,0.19
3188,2023-12-20,2721,2216,3076,18.03,3,0.03
3189,2023-12-7,2963,2672,2324,86.47,7,0.21
3190,2023-12-14,2854,2912,3220,307.24,3,0.02
3191,2023-12-8,2692,2519,2491,352.73,7,0.17
3192,2023-12-28,2979,3192,3253,381.02,8,0.11
3193,2023-12-8,2910,2921,2713,463.8,5,0.25
3194,2023-12-9,3012,2478,2432,198.64,3,0.26
3195,2023-12-26,2866,2616,3220,158.33,10,0.25
3196,2023-12-2,2231,3057,2949,348.92,2,0.29
3197,2023-12-29,2875,2856,2580,467.83,1,0.25
3198,2023-12-18,2344,2699,3112,241.85,1,0.28
3199,2023-12-23,2550,2371,2579,198.6,5,0.18
3200,2023-12-21,2140,2741,3220,400.82,8,0.11
3201,2023-12-7,2172,3003,2914,254.72,1,0.25
3202,2023-12-19,3096,3085,3232,173.71,4,0.17
3203,2023-12-9,2565,2471,2669,436.04,3,0.18
3204,2023-12-30,2838,2209,3031,463.25,5,0.19
3205,2023-12-26,2519,2479,2696,14.09,2,0.02
3206,2023-12-25,3085,2222,3254,408.09,2,0.0
3207,2023-12-7,2566,2845,2720,283.44,3,0.01
3208,2023-12-17,2970,2235,2783,350.92,10,0.3
3209,2023-12-16,2820,2747,2323,158.16,8,0.12
3210,2023-12-10,2727,2611,2720,340.25,2,0.12
3211,2023-12-17,2178,2426,2597,213.47,4,0.01
3212,2023-12-6,2289,3049,3269,329.73,9,0.26
3213,2023-12-29,2724,2921,3191,45.93,5,0.0
3214,2023-12-13,2729,2740,2392,17.03,9,0.03
3215,2023-12-26,2866,3000,2672,146.53,9,0.18
3216,2023-12-11,2132,3009,3157,435.53,3,0.07
3217,2023-12-4,2607,2325,2339,170.19,4,0.28
3218,2023-12-27,2139,2707,3058,463.03,1,0.03
3219,2023-12-23,2289,2282,2664,177.47,2,0.16
3220,2023-12-31,2840,2463,2427,195.82,4,0.22
3221,2023-12-16,2740,2859,3274,270.85,3,0.13
3222,2023-12-1,2262,2446,2593,353.68,9,0.17
3223,2023-12-14,2846,2226,2855,351.2,2,0.1
3224,2023-12-27,2211,2838,2895,320.8,6,0.07
3225,2023-12-31,2330,2716,2850,495.39,6,0.08
3226,2023-12-9,2455,2794,2653,72.16,4,0.29
3227,2023-12-23,2834,2346,2888,351.58,2,0.13
3228,2023-12-22,2853,2306,2383,124.0,1,0.1
3229,2023-12-8,2934,2684,3041,171.08,1,0.07
3230,2023-12-25,2164,2570,2572,10.75,9,0.19
3231,2023-12-22,2937,2626,2405,239.46,5,0.18
3232,2023-12-19,2636,2234,2409,438.85,6,0.22
3233,2023-12-17,2451,2379,3271,66.29,9,0.28
3234,2023-12-23,2709,3114,3275,454.09,8,0.28
3235,2023-12-19,2315,3015,3026,255.06,1,0.28
3236,2023-12-17,2645,2907,2720,467.91,8,0.13
3237,2023-12-21,2103,3147,2316,307.01,7,0.28
3238,2023-12-31,2640,2894,3194,253.95,10,0.29
3239,2023-12-25,2701,2223,2738,29.58,6,0.07
3240,2023-12-3,2354,2703,2815,389.63,6,0.25
3241,2023-12-10,3081,2666,2635,100.52,6,0.05
3242,2023-12-27,2641,3092,3201,369.45,6,0.27
3243,2023-12-8,2309,2633,2460,15.2,3,0.2
3244,2023-12-12,2254,2977,2817,250.58,4,0.26
3245,2023-12-1,2957,2971,2509,356.61,7,0.05
3246,2023-12-30,2357,3033,3139,467.8,4,0.16
3247,2023-12-22,2923,2974,3027,266.33,7,0.01
3248,2023-12-21,2990,2512,3082,489.47,10,0.22
3249,2023-12-12,2972,3192,2368,219.83,2,0.05
3250,2023-12-9,2118,2293,2776,133.57,3,0.24
3251,2023-12-20,2673,2654,2588,225.45,1,0.16
3252,2023-12-28,2277,2487,2646,21.49,6,0.11
3253,2023-12-18,2568,2317,2845,276.38,2,0.02
3254,2023-12-16,2587,3063,3126,338.83,3,0.08
3255,2023-12-31,2267,2693,2539,440.94,6,0.23
3256,2023-12-1,2603,2845,3185,157.77,3,0.18
3257,2023-12-5,2314,2928,2727,235.03,4,0.12
3258,2023-12-5,2715,2808,2861,211.25,10,0.02
3259,2023-12-3,2802,2628,2697,425.29,4,0.07
3260,2023-12-12,2399,2797,3206,256.78,9,0.27
3261,2023-12-25,2951,3033,2566,275.67,9,0.17
3262,2023-12-4,2688,2935,3291,408.58,2,0.3
3263,2023-12-19,2314,2925,2491,375.62,1,0.26
3264,2023-12-12,2300,2841,3134,61.97,6,0.29
3265,2023-12-10,2470,2350,2587,81.24,4,0.07
3266,2023-12-14,3022,2962,2982,220.66,4,0.08
3267,2023-12-17,2909,2479,2656,203.12,6,0.02
3268,2023-12-13,3061,3026,2410,329.06,8,0.11
3269,2023-12-22,2520,3112,2924,419.53,7,0.25
3270,2023-12-22,2973,2241,3132,282.89,2,0.29
3271,2023-12-2,2211,2911,2715,169.57,3,0.15
3272,2023-12-12,2285,2303,2520,84.58,6,0.17
3273,2023-12-11,2545,2468,3230,258.43,7,0.27
3274,2023-12-26,2821,2772,3298,227.02,6,0.26
3275,2023-12-5,2916,2699,2593,257.82,5,0.26
3276,2023-12-9,3039,2924,3259,419.83,8,0.12
3277,2023-12-22,2832,2897,2364,313.28,6,0.16
3278,2023-12-25,2569,2685,3100,365.11,1,0.01
3279,2023-12-18,2582,2412,3139,389.48,10,0.06
3280,2023-12-7,2534,2804,3128,201.26,7,0.18
3281,2023-12-7,2590,2220,3234,62.79,4,0.16
3282,2023-12-4,3073,2717,3152,425.93,7,0.05
3283,2023-12-20,2680,2760,2756,20.95,1,0.19
3284,2023-12-8,2619,2417,2735,176.56,2,0.02
3285,2023-12-27,2231,2973,2482,34.13,5,0.16
3286,2023-12-2,2845,3035,2621,96.99,2,0.02
3287,2023-12-25,2805,2983,2910,298.94,2,0.23
3288,2023-12-3,2561,3133,2641,334.35,2,0.03
3289,2023-12-15,3041,2262,3250,55.25,7,0.06
3290,2023-12-8,2896,2260,3101,235.96,10,0.06
3291,2023-12-2,2436,2454,2666,341.89,7,0.24
3292,2023-12-15,2991,2711,3032,133.24,5,0.09
3293,2023-12-15,2282,2865,2918,314.56,6,0.13
3294,2023-12-2,2212,3108,2397,308.97,4,0.05
3295,2023-12-19,2634,3085,2941,426.33,3,0.26
3296,2023-12-18,2196,2536,2415,37.64,4,0.25
3297,2023-12-21,2514,2280,2677,377.31,8,0.22
3298,2023-12-10,2815,2424,3108,91.05,9,0.21
3299,2023-12-16,2509,2287,2456,395.62,8,0.28
3300,2023-12-19,2412,2443,3263,143.03,5,0.04
3301,2023-12-23,2292,2903,3300,89.77,4,0.21
3302,2023-12-13,2763,2407,2473,59.66,5,0.1
3303,2023-12-15,2570,3194,2458,205.63,10,0.17
3304,2023-12-31,2843,2770,3004,51.53,7,0.13
3305,2023-12-22,2391,2286,2586,425.29,5,0.02
3306,2023-12-28,2961,3018,2388,125.74,6,0.12
3307,2023-12-8,2651,3038,3199,410.76,8,0.2
3308,2023-12-6,2630,2567,2485,35.18,2,0.02
3309,2023-12-29,2755,2632,2302,385.91,2,0.24
3310,2023-12-6,2167,3118,2484,138.66,3,0.29
3311,2023-12-23,2121,2859,2428,487.72,4,0.08
3312,2023-12-27,2910,2985,2919,157.83,9,0.0
3313,2023-12-8,2975,2512,3062,426.1,2,0.28
3314,2023-12-10,2114,2443,2970,25.42,7,0.25
3315,2023-12-2,2820,3042,2793,491.77,9,0.04
3316,2023-12-8,2204,2697,3058,236.52,7,0.22
3317,2023-12-26,2975,2643,2651,397.98,9,0.22
3318,2023-12-6,2487,3092,2372,273.06,9,0.01
3319,2023-12-14,2985,2325,3143,70.33,4,0.11
3320,2023-12-23,2986,3010,2405,84.71,10,0.04
3321,2023-12-15,3054,2424,2568,246.54,10,0.17
3322,2023-12-20,2732,3169,2703,60.77,10,0.2
3323,2023-12-21,2676,2714,2401,479.15,10,0.25
3324,2023-12-30,2463,2897,3287,12.38,5,0.25
3325,2023-12-27,3006,2460,2591,349.11,10,0.22
3326,2023-12-29,2354,2287,2443,337.88,9,0.29
3327,2023-12-8,2446,2542,2715,486.71,7,0.16
3328,2023-12-24,2574,3102,2831,130.36,3,0.24
3329,2023-12-7,2371,3057,2349,139.82,9,0.14
3330,2023-12-8,2518,2941,3146,227.11,4,0.13
3331,2023-12-14,2982,2536,2842,215.37,6,0.19
3332,2023-12-10,2712,2521,2864,329.79,9,0.08
3333,2023-12-28,2781,2908,2968,56.01,3,0.22
3334,2023-12-2,3088,2425,2580,92.65,9,0.3
3335,2023-12-24,2280,3002,2395,210.43,9,0.2
3336,2023-12-11,2955,2764,2984,420.45,2,0.02
3337,2023-12-23,2806,2696,2866,241.28,8,0.19
3338,2023-12-2,3079,3162,2853,163.59,9,0.21
3339,2023-12-31,2377,2679,3133,498.15,2,0.21
3340,2023-12-10,2515,2563,2690,131.39,5,0.21
3341,2023-12-14,2569,2236,3196,96.4,1,0.16
3342,2023-12-5,3080,2834,3286,494.68,6,0.26
3343,2023-12-12,2748,2659,2449,236.26,6,0.07
3344,2023-12-13,2201,3131,3218,245.97,2,0.08
3345,2023-12-17,2641,2709,3184,364.3,2,0.01
3346,2023-12-13,2228,2265,2464,286.91,7,0.23
3347,2023-12-2,2155,2616,2780,99.38,10,0.02
3348,2023-12-1,2835,2544,2370,119.99,9,0.15
3349,2023-12-27,2409,2588,2500,257.76,3,0.1
3350,2023-12-29,2498,3190,2616,16.82,8,0.0
3351,2023-12-6,2407,2881,3247,302.54,10,0.15
3352,2023-12-21,2143,2806,3222,197.98,3,0.09
3353,2023-12-10,2548,2527,2749,385.74,8,0.2
3354,2023-12-27,2238,2807,2881,34.55,8,0.28
3355,2023-12-16,2649,2414,3041,437.05,9,0.05
3356,2023-12-8,3077,2779,2721,187.67,9,0.05
3357,2023-12-20,2961,2307,2828,199.27,8,0.26
3358,2023-12-19,2431,2777,3286,466.11,8,0.19
3359,2023-12-26,2508,2825,3099,17.81,10,0.11
3360,2023-12-14,2677,2371,2309,46.74,10,0.28
3361,2023-12-30,2626,3147,2324,494.14,7,0.25
3362,2023-12-23,2350,2998,3179,483.05,4,0.15
3363,2023-12-23,2376,2414,3016,130.15,7,0.23
3364,2023-12-24,2769,2770,2698,162.05,9,0.28
3365,2023-12-31,2964,3079,3089,94.53,1,0.25
3366,2023-12-31,2834,3104,2714,287.49,5,0.17
3367,2023-12-16,2490,2853,3292,383.1,4,0.21
3368,2023-12-4,2563,2974,2508,83.34,2,0.09
3369,2023-12-7,3024,2951,2576,390.1,10,0.0
3370,2023-12-25,3050,2782,3093,101.2,2,0.18
3371,2023-12-22,2460,2724,2453,125.57,10,0.28
3372,2023-12-20,2529,2361,3048,234.93,10,0.01
3373,2023-12-19,2738,2578,2736,65.12,8,0.29
3374,2023-12-23,2756,2983,3186,332.44,5,0.07
3375,2023-12-15,2460,2487,2437,279.48,2,0.13
3376,2023-12-2,2105,2383,2935,245.47,8,0.17
3377,2023-12-10,3055,3183,3278,308.25,10,0.25
3378,2023-12-11,2608,2510,3138,438.69,1,0.02
3379,2023-12-1,2722,2459,2436,437.92,4,0.12
3380,2023-12-5,2358,2469,3222,438.64,2,0.04
3381,2023-12-16,2266,2462,2314,284.69,10,0.18
3382,2023-12-1,2255,3065,2320,353.81,9,0.06
3383,2023-12-8,2768,2756,2580,231.42,4,0.27
3384,2023-12-19,2421,3008,2523,259.49,3,0.17
3385,2023-12-8,2116,2524,2907,417.69,8,0.26
3386,2023-12-25,2662,2489,2656,192.19,5,0.15
3387,2023-12-10,2351,2923,2761,409.78,2,0.19
3388,2023-12-31,2112,2588,2458,163.92,9,0.06
3389,2023-12-21,3031,2308,3152,158.91,1,0.21
3390,2023-12-29,2122,2595,3142,416.99,1,0.2
3391,2023-12-27,2623,2681,3200,335.33,9,0.25
3392,2023-12-6,2903,2614,2593,70.14,3,0.25
3393,2023-12-18,2437,3192,3189,369.04,7,0.21
3394,2023-12-29,3026,2563,2394,287.9,5,0.08
3395,2023-12-3,2793,2833,3061,42.66,7,0.12
3396,2023-12-8,2307,2502,2326,340.86,1,0.07
3397,2023-12-29,2884,3002,2889,276.03,7,0.25
3398,2023-12-29,2784,2324,2457,31.48,7,0.16
3399,2023-12-19,2296,3140,2491,139.01,8,0.15
3400,2023-12-12,3038,2499,3184,408.36,7,0.08
3401,2023-12-8,2168,2691,3282,175.05,5,0.2
3402,2023-12-5,2406,3054,3265,99.47,4,0.1
3403,2023-12-4,2234,2450,2714,82.6,6,0.11
3404,2023-12-4,2217,2465,2530,195.08,1,0.17
3405,2023-12-17,2832,2706,2785,267.16,4,0.22
3406,2023-12-31,2387,2978,2984,413.95,4,0.21
3407,2023-12-6,2197,3114,2514,341.67,1,0.12
3408,2023-12-31,2987,2734,2584,394.71,1,0.12
3409,2023-12-13,2377,2258,2961,153.39,10,0.23
3410,2023-12-11,2116,2707,2756,34.64,4,0.28
3411,2023-12-4,2899,2358,3155,73.97,2,0.15
3412,2023-12-2,2171,2945,2960,361.07,9,0.21
3413,2023-12-12,3083,2432,3300,35.3,5,0.28
3414,2023-12-6,2984,2472,2770,105.5,9,0.21
3415,2023-12-14,2928,3180,3164,260.3,1,0.27
3416,2023-12-2,2485,3135,2720,491.94,8,0.19
3417,2023-12-31,2176,2393,2312,310.14,7,0.28
3418,2023-12-7,2287,2569,2386,171.71,7,0.19
3419,2023-12-16,2965,2563,2498,223.92,4,0.27
3420,2023-12-4,2242,2530,2973,238.52,10,0.01
3421,2023-12-30,2134,2809,2629,451.71,10,0.06
3422,2023-12-16,3004,2756,3300,47.89,6,0.11
3423,2023-12-2,2501,2897,2445,116.02,6,0.15
3424,2023-12-19,2362,2800,3103,95.45,5,0.28
3425,2023-12-19,2612,2624,3091,315.66,10,0.29
3426,2023-12-23,2403,2853,3152,243.32,6,0.28
3427,2023-12-19,2272,2512,3206,360.43,1,0.15
3428,2023-12-23,3009,2605,3235,76.57,10,0.19
3429,2023-12-16,2389,2866,2628,18.91,1,0.09
3430,2023-12-10,2305,2521,2857,57.59,9,0.2
3431,2023-12-31,2387,3180,2405,16.65,5,0.21
3432,2023-12-23,2111,2830,2447,263.8,2,0.07
3433,2023-12-10,2616,2261,3293,323.2,2,0.25
3434,2023-12-20,2187,2953,2912,96.03,10,0.21
3435,2023-12-1,2419,3058,2879,116.69,9,0.11
3436,2023-12-30,2327,3052,2569,479.29,8,0.18
3437,2023-12-29,2305,2753,2445,246.96,5,0.04
3438,2023-12-7,2391,2310,3210,136.44,7,0.19
3439,2023-12-14,2552,2930,2487,31.45,2,0.15
3440,2023-12-20,2846,3188,2697,479.81,7,0.19
3441,2023-12-31,2604,3194,2866,362.03,6,0.08
3442,2023-12-13,2450,2393,2460,264.08,7,0.06
3443,2023-12-30,2570,2326,2305,78.02,9,0.17
3444,2023-12-31,2636,2595,3085,110.75,10,0.13
3445,2023-12-5,2597,2854,2378,375.1,1,0.26
3446,2023-12-22,2713,2404,2659,125.7,6,0.14
3447,2023-12-18,2303,2686,2966,265.11,6,0.14
3448,2023-12-3,2122,2658,2500,381.37,2,0.27
3449,2023-12-12,3064,2960,2305,85.94,7,0.2
3450,2023-12-3,2651,2940,3041,201.8,3,0.03
3451,2023-12-5,2995,2573,2561,72.11,5,0.16
3452,2023-12-1,2342,2890,2513,77.96,3,0.18
3453,2023-12-4,3031,3103,3144,311.06,5,0.04
3454,2023-12-2,2672,2330,2522,149.92,6,0.29
3455,2023-12-9,2662,2581,2986,263.55,2,0.1
3456,2023-12-21,2534,3105,2568,303.86,3,0.24
3457,2023-12-14,2396,2329,2948,205.76,4,0.22
3458,2023-12-18,2335,2277,3276,27.6,6,0.08
3459,2023-12-5,2896,2701,2899,449.74,6,0.12
3460,2023-12-24,2191,3136,2492,148.72,4,0.21
3461,2023-12-22,2782,3015,2500,460.26,9,0.07
3462,2023-12-21,2420,2624,3126,65.93,7,0.02
3463,2023-12-1,2608,2650,3072,314.76,8,0.07
3464,2023-12-25,2211,2327,3102,279.1,10,0.01
3465,2023-12-9,2387,2795,3099,399.52,4,0.02
3466,2023-12-4,3010,2300,2491,438.27,3,0.16
3467,2023-12-3,2917,2902,2440,283.03,2,0.15
3468,2023-12-16,2332,2461,2590,186.53,8,0.05
3469,2023-12-6,2140,2620,2469,364.11,10,0.16
3470,2023-12-6,2378,2934,3202,381.37,3,0.02
3471,2023-12-15,2466,3127,3003,490.98,1,0.04
3472,2023-12-31,2482,3106,3271,148.92,3,0.26
3473,2023-12-28,2157,2827,3040,182.45,5,0.28
3474,2023-12-29,2250,2877,2581,272.9,8,0.01
3475,2023-12-3,3040,3093,2840,71.77,6,0.01
3476,2023-12-19,2895,3157,3299,212.05,8,0.05
3477,2023-12-6,3039,2648,2480,20.58,2,0.27
3478,2023-12-28,2238,2576,2927,424.39,9,0.12
3479,2023-12-2,2648,2672,2458,415.54,7,0.17
3480,2023-12-26,3009,2443,2467,168.09,7,0.21
3481,2023-12-14,2488,2388,2954,78.43,5,0.12
3482,2023-12-23,2538,2416,3001,48.63,10,0.14
3483,2023-12-4,2739,2711,2706,73.14,10,0.12
3484,2023-12-1,2233,2492,2514,417.78,2,0.06
3485,2023-12-10,2686,2979,2345,456.42,7,0.3
3486,2023-12-8,2955,3096,2574,76.24,8,0.14
3487,2023-12-11,3095,2825,3089,437.66,8,0.22
3488,2023-12-28,2381,2876,2504,98.49,2,0.01
3489,2023-12-16,2819,2543,2544,453.3,8,0.12
3490,2023-12-27,2506,2358,2340,45.92,10,0.26
3491,2023-12-8,3033,2252,3038,471.27,5,0.14
3492,2023-12-19,2912,3057,3230,318.51,1,0.24
3493,2023-12-5,2728,3186,2516,276.13,3,0.13
3494,2023-12-1,2568,2543,2705,194.63,7,0.15
3495,2023-12-3,2642,2356,2578,208.19,9,0.09
3496,2023-12-26,2664,2958,2605,40.08,10,0.19
3497,2023-12-4,2192,2255,2973,460.61,1,0.24
3498,2023-12-29,2752,2222,3245,30.33,1,0.18
3499,2023-12-3,2654,2543,2733,30.08,8,0.22
3500,2023-12-6,2803,2307,3066,422.79,3,0.17
3501,2023-12-17,2687,2416,2413,111.4,1,0.23
3502,2023-12-13,2980,2857,2784,259.82,9,0.21
3503,2023-12-26,2975,2733,2909,443.63,2,0.26
3504,2023-12-3,2478,2514,2592,140.41,7,0.19
3505,2023-12-26,2758,2973,2550,84.17,10,0.15
3506,2023-12-23,2471,2889,2532,204.46,7,0.16
3507,2023-12-9,2400,3121,2766,394.11,2,0.06
3508,2023-12-3,2465,2357,2609,238.24,10,0.24
3509,2023-12-19,2555,2224,2885,489.91,5,0.18
3510,2023-12-30,2534,2511,2779,299.37,5,0.21
3511,2023-12-5,2891,2320,2760,74.14,4,0.2
3512,2023-12-19,3055,2810,2491,12.14,3,0.1
3513,2023-12-23,2207,2675,2922,91.36,4,0.23
3514,2023-12-15,2485,2505,2760,148.11,2,0.05
3515,2023-12-2,2665,2881,3193,398.72,3,0.05
3516,2023-12-24,2194,2461,2530,368.45,4,0.08
3517,2023-12-31,2290,2559,2645,285.78,3,0.01
3518,2023-12-24,2537,2638,2670,133.8,3,0.1
3519,2023-12-3,2422,2486,3224,209.81,6,0.17
3520,2023-12-24,2563,2454,2964,246.82,9,0.26
3521,2023-12-24,3020,2317,2306,123.98,8,0.19
3522,2023-12-20,2605,2481,2429,148.85,6,0.11
3523,2023-12-16,2547,3104,3090,75.88,7,0.06
3524,2023-12-3,2494,2304,3130,372.71,5,0.09
3525,2023-12-17,2456,2708,2995,488.95,6,0.06
3526,2023-12-17,2111,2910,3036,200.73,9,0.16
3527,2023-12-13,2616,2892,2949,176.96,10,0.18
3528,2023-12-19,2262,2766,3194,89.6,1,0.27
3529,2023-12-23,2403,3055,3273,232.83,10,0.25
3530,2023-12-31,2227,2647,2362,449.14,3,0.01
3531,2023-12-8,2650,2996,3033,346.06,1,0.09
3532,2023-12-15,2317,2867,2838,17.43,4,0.2
3533,2023-12-12,2333,2766,2339,375.76,6,0.1
3534,2023-12-10,2905,3151,3139,464.19,7,0.26
3535,2023-12-28,3054,2681,2508,135.68,9,0.26
3536,2023-12-22,2753,2685,3209,70.15,3,0.05
3537,2023-12-22,2809,2620,3173,39.15,10,0.27
3538,2023-12-26,2626,2910,2535,97.21,9,0.23
3539,2023-12-13,2433,2876,3198,218.37,9,0.2
3540,2023-12-23,2141,2204,3236,209.64,9,0.28
3541,2023-12-7,2440,2709,2689,111.4,3,0.1
3542,2023-12-16,2688,2355,2462,262.58,4,0.21
3543,2023-12-7,2508,2991,2867,387.0,1,0.08
3544,2023-12-4,2297,2623,3094,339.26,2,0.22
3545,2023-12-20,2377,2434,2312,61.32,9,0.15
3546,2023-12-8,2285,2275,2575,198.4,7,0.06
3547,2023-12-7,2924,2743,2309,484.78,2,0.13
3548,2023-12-27,2288,2699,2753,472.22,9,0.29
3549,2023-12-29,2853,316399,2592,261.73,7,0.25
3550,2023-12-14,3002,2298,2652,229.03,4,0.2
3551,2023-12-3,2500,3178,2770,391.58,6,0.11
3552,2023-12-11,2200,3097,2932,77.77,6,0.06
3553,2023-12-15,2869,259898,3112,309.15,10,0.08
3554,2023-12-15,2718,2696,2892,439.03,10,0.16
3555,2023-12-27,3096,3173,2970,52.23,2,0.12
3556,2023-12-29,2525,2480,2679,450.23,8,0.02
3557,2023-12-9,2894,2304,3300,463.78,5,0.05
3558,2023-12-20,2941,2952,3274,153.76,2,0.29
3559,2023-12-5,2409,2312,2681,185.29,1,0.12
3560,2023-12-19,2433,2542,2476,422.08,7,0.15
3561,2023-12-4,2840,2500,3127,478.54,6,0.1
3562,2023-12-1,3028,2205,3236,156.36,7,0.11
3563,2023-12-6,2655,2748,2848,179.96,3,0.21
3564,2023-12-29,2901,2953,2711,459.64,2,0.24
3565,2023-12-30,2133,3067,3151,143.0,2,0.26
3566,2023-12-11,2110,2323,2880,256.21,9,0.27
3567,2023-12-24,2242,2712,2687,142.77,1,0.04
3568,2023-12-22,2638,2822,3286,381.42,4,0.3
3569,2023-12-31,2762,3183,2787,295.1,8,0.27
3570,2023-12-21,2400,2823,2773,28.1,6,0.3
3571,2023-12-13,2548,3165,2380,460.88,10,0.04
3572,2023-12-10,2364,2273,3168,390.12,7,0.22
3573,2023-12-29,2236,2587,2784,278.17,2,0.23
3574,2023-12-22,2341,3095,2303,118.84,9,0.19
3575,2023-12-22,2966,2915,2707,165.42,10,0.26
3576,2023-12-28,2605,2548,2453,313.75,4,0.12
3577,2023-12-11,2979,3170,3067,458.55,9,0.02
3578,2023-12-11,2140,2562,2561,15.9,5,0.25
3579,2023-12-25,2347,2748,2605,272.95,6,0.08
3580,2023-12-18,2104,3103,2470,164.95,5,0.08
3581,2023-12-13,2679,3023,2727,78.27,3,0.25
3582,2023-12-20,3045,2278,2544,314.23,7,0.11
3583,2023-12-20,2104,3087,3138,306.31,8,0.14
3584,2023-12-4,2957,2231,2423,395.19,10,0.27
3585,2023-12-19,2277,3091,2461,220.73,1,0.17
3586,2023-12-2,2547,2931,2618,246.15,6,0.15
3587,2023-12-11,2113,2496,2568,471.76,2,0.28
3588,2023-12-31,2348,2550,2459,448.37,7,0.23
3589,2023-12-23,2473,3062,2388,468.96,2,0.27
3590,2023-12-23,2256,2795,3077,145.15,7,0.01
3591,2023-12-16,2333,2377,2600,15.88,9,0.11
3592,2023-12-29,2454,2766,2923,387.24,10,0.12
3593,2023-12-6,2409,2225,2838,396.0,10,0.1
3594,2023-12-31,2510,2535,3106,121.82,2,0.13
3595,2023-12-24,2110,2699,2902,253.65,9,0.08
3596,2023-12-26,2152,2998,2781,457.55,9,0.05
3597,2023-12-26,2347,2940,2806,498.21,9,0.19
3598,2023-12-18,2889,2315,2602,419.61,1,0.06
3599,2023-12-1,2879,2921,2689,94.13,7,0.06
3600,2023-12-5,3003,3005,2466,126.87,6,0.14
3601,2023-12-29,3022,2529,3124,263.39,6,0.25
3602,2023-12-30,2719,3173,2976,240.51,8,0.08
3603,2023-12-15,2437,2371,2800,17.68,2,0.06
3604,2023-12-26,2888,2460,2508,93.27,3,0.26
3605,2023-12-12,2692,2739,2493,339.7,10,0.08
3606,2023-12-20,2410,2979,3098,276.08,7,0.27
3607,2023-12-9,2980,2521,2414,218.61,10,0.3
3608,2023-12-20,2684,2951,2493,492.57,6,0.26
3609,2023-12-2,2482,2734,2861,330.01,3,0.1
3610,2023-12-1,2406,2728,2425,175.44,6,0.3
3611,2023-12-18,2818,3091,3039,381.51,6,0.28
3612,2023-12-11,2751,3125,2698,283.39,1,0.23
3613,2023-12-7,2286,2637,3046,255.22,2,0.21
3614,2023-12-15,2106,2552,3113,173.35,8,0.03
3615,2023-12-11,2153,2538,2583,469.78,2,0.3
3616,2023-12-24,2613,2722,2433,192.82,2,0.12
3617,2023-12-15,2557,2396,2831,108.74,5,0.29
3618,2023-12-22,2802,3001,3108,316.14,6,0.14
3619,2023-12-30,2199,2453,2821,241.59,6,0.22
3620,2023-12-27,2198,2602,2379,465.38,9,0.04
3621,2023-12-11,2492,2323,2987,322.51,1,0.03
3622,2023-12-22,2554,2620,2387,221.17,9,0.17
3623,2023-12-21,2837,2627,2746,123.74,5,0.29
3624,2023-12-9,2985,2930,2445,149.79,4,0.25
3625,2023-12-18,2148,2588,2681,205.0,9,0.01
3626,2023-12-16,2328,2989,2859,387.54,3,0.23
3627,2023-12-24,2417,2939,2797,338.53,3,0.04
3628,2023-12-15,2503,2623,2456,157.36,8,0.23
3629,2023-12-30,2514,2910,2346,419.07,5,0.03
3630,2023-12-6,3091,3021,2785,319.69,8,0.04
3631,2023-12-7,2443,2801,2386,398.07,3,0.01
3632,2023-12-11,2387,3031,2493,216.72,7,0.16
3633,2023-12-23,2993,2601,2444,317.67,9,0.03
3634,2023-12-10,2541,2315,2738,281.91,4,0.16
3635,2023-12-6,2381,3113,2812,393.27,5,0.15
3636,2023-12-23,2401,3191,3178,471.48,2,0.28
3637,2023-12-1,2875,3078,3063,23.93,4,0.23
3638,2023-12-1,2207,2352,2422,15.32,1,0.12
3639,2023-12-14,2260,3081,3281,264.65,2,0.03
3640,2023-12-14,2523,2740,3013,271.99,1,0.08
3641,2023-12-7,2652,2426,2685,126.85,2,0.24
3642,2023-12-17,2478,2929,2834,410.35,9,0.28
3643,2023-12-15,2913,2381,2569,43.9,3,0.04
3644,2023-12-3,2170,2581,3152,464.3,9,0.06
3645,2023-12-1,2202,2483,2570,139.39,7,0.09
3646,2023-12-28,2423,2766,2892,388.87,2,0.29
3647,2023-12-24,2384,2868,3195,35.73,5,0.29
3648,2023-12-26,3074,3132,2495,35.62,5,0.23
3649,2023-12-30,2721,2532,2933,81.34,8,0.2
3650,2023-12-3,3052,3060,2358,386.48,1,0.13
3651,2023-12-10,2123,2957,2795,24.91,1,0.07
3652,2023-12-12,2396,3020,2797,244.34,9,0.21
3653,2023-12-19,2701,2729,3180,105.42,4,0.3
3654,2023-12-23,2240,2692,2774,333.75,6,0.13
3655,2023-12-29,2348,2505,2482,428.04,2,0.21
3656,2023-12-30,2725,3176,2370,478.22,5,0.06
3657,2023-12-21,2646,3080,2316,226.14,10,0.06
3658,2023-12-18,2571,2370,3133,308.79,10,0.13
3659,2023-12-11,2421,2748,2325,433.48,4,0.19
3660,2023-12-22,2103,3197,3198,224.54,2,0.08
3661,2023-12-17,2523,2493,2992,39.37,3,0.23
3662,2023-12-23,2579,3071,3215,148.54,6,0.22
3663,2023-12-25,2494,2768,2589,395.2,10,0.02
3664,2023-12-29,2120,3059,2919,337.49,5,0.14
3665,2023-12-28,2922,2739,2520,186.59,7,0.1
3666,2023-12-26,2514,2940,2601,59.38,7,0.05
3667,2023-12-21,2604,2817,2653,479.44,4,0.17
3668,2023-12-22,2665,3022,2422,193.02,3,0.17
3669,2023-12-27,2574,2332,2563,10.18,3,0.25
3670,2023-12-12,2422,2951,2493,176.73,7,0.24
3671,2023-12-4,3053,2427,2756,249.67,1,0.2
3672,2023-12-5,2256,2622,2642,245.55,4,0.04
3673,2023-12-2,3054,3175,3248,239.2,3,0.15
3674,2023-12-3,2561,2820,3246,130.21,6,0.08
3675,2023-12-8,3093,2273,3095,31.29,10,0.04
3676,2023-12-1,2852,2790,2781,226.33,10,0.2
3677,2023-12-3,2711,2336,3124,338.82,7,0.12
3678,2023-12-20,2500,2611,2352,488.75,4,0.18
3679,2023-12-24,2680,2912,2307,58.9,9,0.02
3680,2023-12-28,2287,2501,2634,460.0,10,0.16
3681,2023-12-12,2543,2235,3297,379.71,6,0.26
3682,2023-12-9,2615,3147,2971,437.82,1,0.1
3683,2023-12-24,2826,2934,2397,326.5,7,0.07
3684,2023-12-6,2845,2256,2752,379.01,2,0.18
3685,2023-12-5,2103,2840,2383,193.16,9,0.3
3686,2023-12-12,2897,2744,3180,334.23,10,0.09
3687,2023-12-21,2436,3175,3099,342.0,6,0.01
3688,2023-12-17,2527,2670,3254,145.12,8,0.19
3689,2023-12-18,2143,2201,2481,446.65,10,0.12
3690,2023-12-9,2356,2253,2802,129.71,4,0.2
3691,2023-12-18,2909,2286,2415,445.99,5,0.09
3692,2023-12-24,2899,3104,2816,95.52,5,0.02
3693,2023-12-8,2278,3136,3290,387.46,8,0.04
3694,2023-12-11,2411,2968,3185,300.74,2,0.22
3695,2023-12-16,2669,2813,2625,476.04,2,0.1
3696,2023-12-8,2415,2344,2312,256.43,3,0.07
3697,2023-12-30,2744,2634,2358,391.85,5,0.04
3698,2023-12-15,2185,2807,2899,42.06,7,0.25
3699,2023-12-5,2575,2951,3070,128.68,10,0.25
3700,2023-12-19,2143,2322,3200,196.76,1,0.11
3701,2023-12-27,2794,3010,2491,136.77,7,0.06
3702,2023-12-30,2417,3000,2380,66.44,10,0.07
3703,2023-12-14,2636,2969,2695,439.58,10,0.17
3704,2023-12-17,2627,2760,2455,61.22,8,0.2
3705,2023-12-6,2430,2762,2992,362.87,7,0.1
3706,2023-12-21,2675,2898,2542,95.28,2,0.07
3707,2023-12-25,2634,3018,2947,299.72,4,0.04
3708,2023-12-4,2833,3042,2661,468.95,7,0.08
3709,2023-12-30,2940,2269,2675,27.67,4,0.17
3710,2023-12-4,2313,2880,2462,199.05,8,0.06
3711,2023-12-1,2940,3059,2883,380.65,2,0.04
3712,2023-12-12,2495,2291,2952,162.5,10,0.11
3713,2023-12-10,2378,2883,2704,21.71,6,0.06
3714,2023-12-25,2780,2862,2850,263.11,1,0.01
3715,2023-12-21,2354,2877,2416,465.46,1,0.25
3716,2023-12-13,2750,2975,3187,408.01,6,0.01
3717,2023-12-16,2808,2203,2536,60.04,7,0.04
3718,2023-12-5,2847,3058,2672,429.46,10,0.21
3719,2023-12-26,2989,2617,2328,31.58,10,0.06
3720,2023-12-30,2458,2793,2780,313.63,8,0.03
3721,2023-12-26,2171,3123,2530,472.88,4,0.2
3722,2023-12-20,2422,2273,3140,366.58,9,0.06
3723,2023-12-6,2204,2285,2485,26.75,10,0.08
3724,2023-12-13,2932,2416,2632,313.51,2,0.22
3725,2023-12-21,2553,2465,2632,338.46,4,0.22
3726,2023-12-28,3039,3125,3263,235.95,2,0.17
3727,2023-12-6,2592,2602,2798,141.77,10,0.07
3728,2023-12-30,2843,3140,2991,311.69,6,0.27
3729,2023-12-19,2905,2472,2745,367.75,2,0.05
3730,2023-12-21,2647,2926,3178,420.54,3,0.09
3731,2023-12-10,2257,2215,3121,102.06,3,0.15
3732,2023-12-15,2887,2836,2693,494.94,8,0.07
3733,2023-12-16,2184,2848,2885,271.35,1,0.24
3734,2023-12-11,2939,2725,2421,384.84,10,0.22
3735,2023-12-10,2898,2301,2484,415.34,3,0.08
3736,2023-12-18,2139,2214,3145,207.17,2,0.19
3737,2023-12-27,2292,2691,2998,409.63,7,0.21
3738,2023-12-26,2775,2636,2662,201.8,5,0.06
3739,2023-12-14,2615,2572,3133,424.77,7,0.29
3740,2023-12-11,2936,2484,3226,262.8,1,0.17
3741,2023-12-9,2958,2669,3064,233.93,1,0.18
3742,2023-12-19,2485,2781,2650,203.63,5,0.25
3743,2023-12-14,2744,2562,2621,498.19,9,0.23
3744,2023-12-7,2952,2983,3189,207.6,8,0.07
3745,2023-12-2,2173,2467,2769,52.65,2,0.09
3746,2023-12-16,2279,2690,2950,92.44,8,0.14
3747,2023-12-8,2276,2293,3036,85.86,7,0.0
3748,2023-12-14,2573,2567,3088,241.41,5,0.25
3749,2023-12-19,2489,2948,2883,290.07,9,0.01
3750,2023-12-4,2974,3017,2471,458.1,6,0.07
3751,2023-12-28,2851,2473,3120,336.68,10,0.26
3752,2023-12-27,2994,2300,3276,131.12,8,0.28
3753,2023-12-2,2952,2872,2416,344.23,10,0.21
3754,2023-12-13,2616,2651,2701,356.6,5,0.08
3755,2023-12-31,2514,3157,3054,270.86,10,0.06
3756,2023-12-16,2479,2222,2315,496.63,4,0.05
3757,2023-12-6,2474,2732,2940,311.5,8,0.04
3758,2023-12-15,2976,2367,3135,423.15,3,0.05
3759,2023-12-11,2278,2448,3022,120.92,10,0.29
3760,2023-12-12,2185,3176,2673,89.51,8,0.0
3761,2023-12-29,2867,2739,2964,14.8,10,0.25
3762,2023-12-16,2290,2669,2612,123.36,1,0.14
3763,2023-12-11,2272,2232,2722,493.25,3,0.06
3764,2023-12-16,2311,2926,2941,461.2,6,0.14
3765,2023-12-16,2712,2570,3284,428.14,7,0.23
3766,2023-12-20,2570,2962,2895,426.09,5,0.0
3767,2023-12-26,2384,3085,3063,375.75,6,0.12
3768,2023-12-29,2278,2698,2493,314.8,4,0.17
3769,2023-12-20,2378,2556,2534,403.19,4,0.08
3770,2023-12-17,2329,2702,3008,442.06,4,0.28
3771,2023-12-26,2170,2737,3293,258.17,10,0.26
3772,2023-12-25,2738,2561,3233,112.77,9,0.24
3773,2023-12-16,2818,2333,2757,404.79,3,0.25
3774,2023-12-3,2350,2905,3230,250.0,4,0.2
3775,2023-12-14,2395,2455,2770,210.8,8,0.15
3776,2023-12-28,2589,2568,2997,232.86,7,0.15
3777,2023-12-4,2222,2309,2802,258.2,7,0.21
3778,2023-12-12,2469,2740,3265,327.06,9,0.09
3779,2023-12-11,2830,2271,2511,270.32,6,0.14
3780,2023-12-7,2253,2780,3202,135.13,9,0.14
3781,2023-12-24,3037,2707,2430,420.86,3,0.28
3782,2023-12-28,3083,2313,3083,19.26,5,0.13
3783,2023-12-20,2334,2903,2717,51.95,7,0.21
3784,2023-12-16,2214,3095,2881,470.51,2,0.17
3785,2023-12-3,2245,2211,2917,98.49,5,0.02
3786,2023-12-24,2546,2948,2846,409.35,5,0.22
3787,2023-12-24,2992,2475,2644,262.3,8,0.02
3788,2023-12-23,2733,3002,2534,153.75,1,0.18
3789,2023-12-25,2828,2713,2967,338.57,4,0.11
3790,2023-12-21,2288,2399,3008,32.62,1,0.27
3791,2023-12-1,2140,2327,3041,175.73,2,0.12
3792,2023-12-11,2315,2682,2967,419.52,2,0.08
3793,2023-12-22,3035,2284,2939,173.9,10,0.2
3794,2023-12-5,2805,2813,2612,281.12,2,0.2
3795,2023-12-12,2725,2311,3115,293.02,2,0.18
3796,2023-12-13,2498,3087,2510,447.65,8,0.24
3797,2023-12-20,2375,2599,2795,124.39,5,0.04
3798,2023-12-18,3092,2834,3272,448.97,2,0.27
3799,2023-12-17,2143,3168,2622,370.93,6,0.27
3800,2023-12-11,2640,2704,3255,284.12,4,0.3
3801,2023-12-7,2852,2865,2306,323.61,2,0.0
3802,2023-12-30,3015,3144,2469,435.02,8,0.09
3803,2023-12-23,2672,2805,2852,376.66,1,0.21
3804,2023-12-5,2733,2393,3202,425.27,4,0.22
3805,2023-12-22,2781,2336,3268,272.89,6,0.2
3806,2023-12-5,3000,2343,2620,127.18,6,0.12
3807,2023-12-13,2290,3033,2870,22.8,10,0.26
3808,2023-12-22,2783,2583,3160,344.83,8,0.25
3809,2023-12-8,2577,2294,2406,123.46,2,0.21
3810,2023-12-21,2377,2406,2622,426.84,2,0.2
3811,2023-12-3,2584,2601,2771,102.35,3,0.02
3812,2023-12-8,2223,2332,2978,322.98,10,0.01
3813,2023-12-12,2638,2307,2394,218.45,9,0.26
3814,2023-12-1,2300,2329,2488,237.46,4,0.3
3815,2023-12-6,2203,2937,3158,261.96,2,0.2
3816,2023-12-2,2194,2616,2844,446.38,9,0.27
3817,2023-12-12,3047,3160,3262,90.75,8,0.3
3818,2023-12-4,2610,3198,2425,425.77,6,0.26
3819,2023-12-9,2445,2646,3225,239.13,7,0.11
3820,2023-12-17,2170,2336,3179,42.3,5,0.03
3821,2023-12-18,2633,2590,2977,234.13,2,0.01
3822,2023-12-26,2366,3019,2793,192.12,7,0.16
3823,2023-12-29,2669,2995,3052,247.73,10,0.14
3824,2023-12-23,2769,2903,2940,470.5,7,0.29
3825,2023-12-3,2618,2918,2542,204.97,4,0.08
3826,2023-12-24,2650,2978,3085,475.48,5,0.02
3827,2023-12-4,2910,2591,2606,448.51,9,0.22
3828,2023-12-6,2497,3195,3144,340.54,7,0.19
3829,2023-12-6,2517,2478,2560,219.56,7,0.01
3830,2023-12-3,3051,2920,2811,151.03,2,0.14
3831,2023-12-16,2576,2278,2640,439.98,8,0.16
3832,2023-12-24,2769,2580,2656,65.04,1,0.06
3833,2023-12-28,3000,3112,2734,363.33,3,0.28
3834,2023-12-30,2192,3020,2924,491.02,6,0.0
3835,2023-12-10,2776,2263,2870,212.46,7,0.04
3836,2023-12-13,2791,2390,2361,104.35,8,0.16
3837,2023-12-10,2619,2437,2533,268.4,10,0.13
3838,2023-12-20,2823,3142,3253,278.84,9,0.16
3839,2023-12-10,2711,2704,3279,274.27,10,0.21
3840,2023-12-2,2781,2362,3217,316.81,6,0.22
3841,2023-12-5,2930,2368,2526,10.68,7,0.14
3842,2023-12-27,2835,3199,2692,70.87,4,0.28
3843,2023-12-18,2995,2567,2448,227.12,5,0.14
3844,2023-12-14,2851,2841,2447,240.35,5,0.08
3845,2023-12-8,2755,2534,3204,244.06,4,0.0
3846,2023-12-5,3090,2432,3238,299.24,5,0.08
3847,2023-12-6,2129,2990,2811,119.02,7,0.03
3848,2023-12-9,2758,2949,2523,27.37,10,0.04
3849,2023-12-13,2645,2722,3169,295.99,1,0.24
3850,2023-12-17,2161,3064,2587,498.68,9,0.25
3851,2023-12-16,3031,2713,2647,211.57,10,0.02
3852,2023-12-13,2378,2539,3011,263.07,9,0.2
3853,2023-12-6,2828,2254,2595,446.29,6,0.04
3854,2023-12-4,2503,2764,2512,276.8,3,0.25
3855,2023-12-10,2881,2529,2782,30.44,6,0.07
3856,2023-12-19,2586,3133,2958,89.82,9,0.16
3857,2023-12-4,2783,2670,2780,386.74,4,0.15
3858,2023-12-24,2812,2481,2909,32.93,1,0.27
3859,2023-12-22,2454,3120,3123,38.62,8,0.17
3860,2023-12-10,2689,2657,2329,325.49,8,0.09
3861,2023-12-13,2783,2441,3060,478.34,6,0.14
3862,2023-12-12,2853,2463,2806,359.35,3,0.05
3863,2023-12-27,2801,2819,3246,179.69,10,0.2
3864,2023-12-25,2164,2557,3207,118.49,7,0.21
3865,2023-12-12,2305,3099,2661,325.05,3,0.07
3866,2023-12-7,2531,3150,2926,452.03,5,0.1
3867,2023-12-14,2999,2689,3019,393.75,9,0.28
3868,2023-12-22,2811,2401,2743,457.16,6,0.07
3869,2023-12-10,3017,2905,2477,416.22,5,0.21
3870,2023-12-2,2356,2571,2909,115.86,1,0.25
3871,2023-12-2,2924,2909,2995,309.62,5,0.11
3872,2023-12-29,2291,2230,3268,133.79,2,0.0
3873,2023-12-30,2300,2604,2488,399.93,4,0.21
3874,2023-12-28,2151,2212,2359,446.29,9,0.21
3875,2023-12-22,2592,3166,3112,84.74,9,0.03
3876,2023-12-25,2270,3007,3266,275.29,1,0.24
3877,2023-12-24,2109,3034,2626,29.82,1,0.3
3878,2023-12-19,2240,2640,2407,126.72,4,0.14
3879,2023-12-31,2632,3026,3138,424.19,4,0.19
3880,2023-12-6,2504,2946,2478,130.0,3,0.11
3881,2023-12-19,2568,2768,2934,306.36,7,0.26
3882,2023-12-9,2424,2520,2743,226.1,2,0.11
3883,2023-12-17,2579,2990,2388,445.62,6,0.02
3884,2023-12-10,2786,2787,2718,128.34,3,0.25
3885,2023-12-31,2316,2676,3120,326.81,7,0.08
3886,2023-12-4,2912,3121,2468,332.46,3,0.15
3887,2023-12-4,2881,2982,2439,380.65,7,0.24
3888,2023-12-23,2591,2498,3293,384.72,10,0.06
3889,2023-12-3,2399,2811,2434,101.24,3,0.18
3890,2023-12-4,2500,2276,2667,75.37,8,0.13
3891,2023-12-29,2125,3133,2885,391.46,2,0.13
3892,2023-12-2,2877,2382,2611,413.18,8,0.28
3893,2023-12-5,2662,2469,2807,24.69,5,0.13
3894,2023-12-7,2793,3108,2683,351.8,6,0.06
3895,2023-12-16,2881,3112,2828,478.16,4,0.11
3896,2023-12-15,3014,2550,3222,68.25,10,0.26
3897,2023-12-8,2936,2230,3043,316.16,5,0.2
3898,2023-12-8,2855,2352,2848,491.72,8,0.15
3899,2023-12-5,2820,2943,3257,460.77,9,0.27
3900,2023-12-10,2704,3068,2413,332.89,8,0.15
3901,2023-12-20,2400,2418,2700,347.75,9,0.21
3902,2023-12-16,2572,2765,2526,392.73,3,0.19
3903,2023-12-15,2185,3027,3078,203.34,5,0.13
3904,2023-12-25,2842,2943,2456,28.87,10,0.21
3905,2023-12-17,2907,2837,2687,241.76,8,0.2
3906,2023-12-15,2525,3168,2400,272.65,3,0.03
3907,2023-12-1,2280,2263,2345,185.59,10,0.11
3908,2023-12-11,2845,2705,2449,357.19,5,0.09
3909,2023-12-6,2962,2210,2538,425.01,2,0.0
3910,2023-12-26,2112,2943,2706,228.91,1,0.26
3911,2023-12-3,2308,2404,3068,381.86,5,0.19
3912,2023-12-1,2140,2492,2631,228.01,10,0.03
3913,2023-12-22,3075,2926,3228,268.61,2,0.08
3914,2023-12-22,2249,2459,2703,210.75,3,0.08
3915,2023-12-11,3012,2393,2479,399.36,3,0.23
3916,2023-12-29,3039,2952,2624,442.41,3,0.15
3917,2023-12-30,2781,2917,2502,36.99,2,0.17
3918,2023-12-26,2224,2499,3293,35.52,6,0.18
3919,2023-12-23,2659,2708,2991,275.64,4,0.05
3920,2023-12-31,2716,2240,2631,338.02,8,0.14
3921,2023-12-20,2887,2716,2772,285.14,4,0.01
3922,2023-12-14,2515,2884,3007,13.92,7,0.08
3923,2023-12-21,2759,2721,3186,144.82,10,0.15
3924,2023-12-9,2887,2690,3157,141.09,8,0.07
3925,2023-12-16,2643,2536,3106,441.15,8,0.03
3926,2023-12-30,2636,2366,3278,120.94,9,0.03
3927,2023-12-30,2162,2501,3149,113.04,2,0.07
3928,2023-12-8,2867,2697,2782,489.22,10,0.17
3929,2023-12-18,2763,3009,2887,282.25,1,0.3
3930,2023-12-22,2911,2779,2762,463.45,8,0.25
3931,2023-12-28,2691,2503,2760,60.62,4,0.05
3932,2023-12-23,3013,2626,2623,251.86,2,0.12
3933,2023-12-5,2466,2999,2637,150.3,10,0.08
3934,2023-12-11,2721,2319,2895,110.35,1,0.08
3935,2023-12-28,2529,2436,3268,197.52,10,0.2
3936,2023-12-22,2746,2920,2965,142.8,3,0.1
3937,2023-12-18,2360,2495,2621,472.55,1,0.02
3938,2023-12-20,2785,2513,3053,227.08,4,0.08
3939,2023-12-8,2401,2255,2442,414.0,3,0.19
3940,2023-12-13,2344,2354,2547,271.3,10,0.09
3941,2023-12-12,2559,2384,3266,82.89,6,0.12
3942,2023-12-29,2327,2891,2740,313.23,10,0.09
3943,2023-12-16,2871,2306,3072,446.64,9,0.12
3944,2023-12-24,2351,2620,2716,17.29,10,0.13
3945,2023-12-27,3058,2469,2986,75.76,7,0.27
3946,2023-12-25,2813,2884,2823,347.73,9,0.04
3947,2023-12-28,2721,2784,2972,284.69,2,0.27
3948,2023-12-28,2108,3162,2307,195.99,4,0.08
3949,2023-12-29,2734,2916,3099,277.87,6,0.18
3950,2023-12-22,2856,2850,3144,452.4,10,0.03
3951,2023-12-4,2611,2723,2331,188.72,9,0.03
3952,2023-12-13,2318,2576,2748,71.75,2,0.28
3953,2023-12-23,2192,2437,2355,314.44,9,0.03
3954,2023-12-11,2703,2255,2848,18.65,6,0.14
3955,2023-12-8,2651,2457,2715,48.33,2,0.04
3956,2023-12-6,2944,2451,2478,375.75,1,0.09
3957,2023-12-25,2791,2943,3243,155.51,3,0.12
3958,2023-12-27,3054,2737,3014,259.27,3,0.3
3959,2023-12-1,2203,2980,2566,21.6,9,0.19
3960,2023-12-11,2318,2220,2391,53.91,6,0.03
3961,2023-12-11,3011,2229,2535,481.58,9,0.06
3962,2023-12-29,2960,2656,2743,359.8,6,0.27
3963,2023-12-7,2498,2686,2524,15.98,4,0.06
3964,2023-12-22,2931,2495,2569,429.37,1,0.24
3965,2023-12-25,2470,2229,2367,283.06,3,0.21
3966,2023-12-7,2718,2505,2689,99.11,3,0.01
3967,2023-12-28,2921,2683,2889,64.65,4,0.11
3968,2023-12-10,2958,2212,2942,275.05,6,0.12
3969,2023-12-19,2573,3009,2358,176.15,3,0.21
3970,2023-12-12,2455,2530,2670,81.05,3,0.06
3971,2023-12-3,2410,2867,2495,125.59,10,0.01
3972,2023-12-16,2171,2510,3189,188.03,4,0.26
3973,2023-12-13,2665,2230,2539,392.76,7,0.13
3974,2023-12-4,2507,2709,2714,112.6,6,0.27
3975,2023-12-6,2813,2286,3164,262.42,6,0.07
3976,2023-12-15,2659,2352,3263,14.63,7,0.09
3977,2023-12-20,2312,3167,3168,492.98,9,0.22
3978,2023-12-17,2207,2543,2669,127.34,3,0.26
3979,2023-12-8,2621,2486,2364,293.48,1,0.1
3980,2023-12-17,2109,2571,2813,160.17,3,0.07
3981,2023-12-31,2755,2395,3014,36.87,8,0.06
3982,2023-12-8,2239,2879,3037,108.26,9,0.05
3983,2023-12-17,2799,3156,3143,410.56,6,0.0
3984,2023-12-7,2162,2427,2642,325.96,5,0.28
3985,2023-12-17,2945,2842,3015,16.05,6,0.06
3986,2023-12-21,2763,2604,3256,446.31,9,0.01
3987,2023-12-4,2624,2267,2857,335.17,10,0.13
3988,2023-12-20,2522,2593,2457,261.95,6,0.02
3989,2023-12-12,2277,2603,2532,183.9,7,0.08
3990,2023-12-28,2537,2331,2777,367.55,10,0.1
3991,2023-12-1,2756,2452,3240,263.55,2,0.05
3992,2023-12-6,2812,2685,3207,288.2,1,0.15
3993,2023-12-30,2607,2912,2440,269.52,5,0.02
3994,2023-12-22,2809,3099,2617,327.9,1,0.17
3995,2023-12-9,2467,3004,3240,217.32,1,0.27
3996,2023-12-30,2830,2627,3248,319.75,7,0.13
3997,2023-12-29,2365,2873,2389,382.03,5,0.17
3998,2023-12-27,2147,2480,3237,445.71,8,0.28
3999,2023-12-13,2530,2941,3096,161.73,9,0.22
4000,2023-12-22,2273,2308,2600,269.25,2,0.07
